i,j,energy
0,125,0
1,125,0
2,126,0
3,127,0
4,128,0
6,129,0
7,129,0
8,130,0
9,131,0
11,132,0
12,132,0
13,133,0
14,133,0
16,134,0
17,135,0
18,135,0
19,136,0
21,136,0
22,137,0
23,137,0
24,137,0
26,138,0
27,138,0
28,139,0
29,139,0
31,139,0
32,140,0
33,140,0
34,140,0
36,140,0
37,141,0
38,141,0
39,141,0
41,141,0
42,141,0
43,141,0
44,142,0
46,142,0
47,142,0
48,142,0
49,142,0
51,142,0
52,142,0
53,142,0
54,142,0
56,142,0
57,142,0
58,142,0
59,142,0
61,141,0
62,141,0
63,141,0
64,141,0
65,141,0
67,141,0
68,141,0
69,140,0
70,140,0
72,140,0
73,140,0
74,140,0
75,139,0
77,139,0
78,139,0
79,139,0
80,138,0
82,138,0
83,138,0
84,137,0
85,137,0
87,137,0
88,136,0
89,136,0
90,136,0
92,135,0
93,135,0
94,135,0
95,134,0
97,134,0
98,134,0
99,133,0
100,133,0
102,132,0
103,132,0
104,132,0
105,131,0
107,131,0
108,130,0
109,130,0
110,129,0
112,129,0
113,129,0
114,128,0
115,128,0
117,127,0
118,127,0
119,126,0
120,126,0
122,125,0
123,125,0
124,125,0
125,124,0
126,124,0
128,123,0
129,123,0
130,122,0
131,122,0
133,121,0
134,121,0
135,120,0
136,120,0
138,120,0
139,119,0
140,119,0
141,118,0
143,118,0
144,117,0
145,117,0
146,117,0
148,116,0
149,116,0
150,115,0
151,115,0
153,115,0
154,114,0
155,114,0
156,114,0
158,113,0
159,113,0
160,113,0
161,112,0
163,112,0
164,112,0
165,111,0
166,111,0
168,111,0
169,110,0
170,110,0
171,110,0
173,110,0
174,109,0
175,109,0
176,109,0
178,109,0
179,109,0
180,108,0
181,108,0
183,108,0
184,108,0
185,108,0
186,108,0
187,108,0
189,107,0
190,107,0
191,107,0
192,107,0
194,107,0
195,107,0
196,107,0
197,107,0
199,107,0
200,107,0
201,107,0
202,107,0
204,107,0
205,108,0
206,108,0
207,108,0
209,108,0
210,108,0
211,108,0
212,109,0
214,109,0
215,109,0
216,109,0
217,110,0
219,110,0
220,110,0
221,111,0
222,111,0
224,112,0
225,112,0
226,112,0
227,113,0
229,113,0
230,114,0
231,114,0
232,115,0
234,116,0
235,116,0
236,117,0
237,117,0
239,118,0
240,119,0
241,120,0
242,120,0
244,121,0
245,122,0
246,123,0
247,124,0
249,125,0
98,135,10576
221,112,2666
183,107,54973
204,106,16380
238,117,1662
43,140,25
120,125,9526
15,134,4757
182,107,24593
14,134,42605
24,138,24031
73,141,405
202,108,4119
159,112,60464
155,113,2024
31,138,9522
204,105,7208
43,139,2893
90,135,4307
114,127,24887
199,106,740
116,127,18657
158,112,20273
226,111,21408
248,125,13227
146,118,77
141,117,1921
216,110,29387
58,141,8205
203,107,307
19,137,2802
12,131,672
154,113,16439
97,133,671
49,143,1468
164,111,91431
125,125,577
191,106,12246
199,108,30296
113,130,7
240,120,12471
103,131,856
211,109,1647
54,143,38540
135,119,5438
249,126,16248
172,110,64252
209,107,1347
174,110,15705
14,132,85276
95,135,35723
128,124,1963
185,109,4625
178,108,15514
54,144,5407
246,124,1570
225,111,3783
222,112,48225
113,128,406
249,127,29509
182,106,5293
206,109,15235
104,133,14972
15,133,37990
30,139,4709
130,123,15816
150,114,21245
68,140,8814
15,132,51626
156,115,527
59,141,14876
67,142,40928
98,136,73966
167,111,10268
225,110,23953
245,123,3269
95,133,1048
116,128,1081
212,108,15160
240,118,2245
160,114,22078
40,141,709
65,140,413
144,116,65181
40,142,736
2,127,430
215,108,2292
188,107,15352
239,119,2796
45,142,8211
205,109,16152
170,109,104832
199,109,25271
182,105,24906
234,117,512
127,124,12583
181,107,20446
126,123,9897
8,131,71
18,134,6505
182,104,15480
13,132,24239
104,134,23362
75,140,23437
212,107,69
34,141,40738
2,128,18
117,126,1604
209,109,29564
81,138,5618
143,117,84459
161,113,24518
31,137,12540
246,122,15664
181,104,386
181,106,18292
54,141,24884
191,108,32743
49,144,27881
106,131,33195
56,141,2194
34,142,3120
179,108,46884
44,140,4479
129,124,26612
211,107,42503
17,136,5757
109,129,12805
203,105,109896
6,130,3004
135,121,3774
33,141,34638
92,136,4
4,127,5063
133,122,154
248,127,421
199,105,35926
40,143,2608
169,109,1135
108,131,37646
170,111,18406
219,111,50694
179,107,19637
173,111,71754
48,144,2914
24,139,37062
114,130,30706
151,114,403
213,108,2158
134,120,4366
54,145,37856
14,131,25406
136,119,2231
93,136,27084
53,145,11557
246,125,80501
154,115,2749
192,106,20297
249,128,41580
238,118,12459
239,120,24810
48,145,4980
134,119,41268
192,105,23201
52,145,16305
40,144,20285
35,142,3800
155,115,56718
53,146,33940
192,104,13033
30,138,4859
118,126,14319
80,137,43377
90,137,3121
173,112,2034
240,117,4128
55,145,28951
248,128,11071
17,137,12019
112,130,2213
5,128,52541
114,129,3351
173,113,9619
8,129,35433
99,136,14102
239,121,56719
57,143,1513
113,127,9293
192,103,3088
51,143,4773
180,109,2300
174,111,23974
191,109,19038
203,104,16847
48,146,8937
104,131,848
175,108,10049
4,129,46533
73,142,894
22,136,12171
134,122,67276
181,109,3229
210,109,37123
213,109,22609
40,145,14776
224,113,5763
47,146,55734
78,140,1797
79,140,59452
36,139,2019
143,119,2476
175,107,21596
81,137,63495
108,129,25095
243,120,2973
32,137,344
11,131,3630
143,116,435
184,107,1493
164,113,5191
222,110,1842
74,142,8979
247,128,59257
1,124,37214
65,139,70821
32,138,23667
78,141,1289
109,131,1875
248,129,18427
83,139,122118
9,130,6855
112,131,7455
63,142,699
44,139,27451
183,104,34458
112,128,35917
149,114,7005
5,127,1147
131,123,1377
17,138,2165
136,121,41
51,145,59718
16,133,34137
238,120,121
116,129,4464
203,103,27297
240,116,41079
229,114,69154
28,138,11867
153,113,144
104,135,9434
205,110,47149
57,141,3645
114,126,112
153,112,49
47,147,6883
93,137,48376
47,148,15556
203,102,37279
43,138,36484
192,108,548
33,137,1014
21,135,6308
134,118,14678
235,115,7569
104,136,15225
190,109,120
58,140,31356
203,101,5983
144,118,8672
180,104,26604
185,110,46609
126,122,17203
134,123,10606
193,103,21041
125,123,1750
239,122,34929
226,110,24360
14,135,95173
88,137,3740
168,109,39849
164,114,16316
245,125,14373
55,141,219
104,137,8087
112,132,4679
56,140,6131
125,122,23879
146,119,3460
139,120,42281
125,126,3746
38,140,41673
52,141,7
127,122,132182
136,118,24977
173,114,87073
84,139,8005
21,137,15764
158,111,33895
126,121,55613
178,110,17867
136,122,25940
22,135,36407
118,125,12809
35,139,44
175,106,10
156,116,35482
133,123,21566
160,112,37412
99,135,18126
237,120,1801
28,140,870
236,120,2393
210,107,4772
227,110,53265
202,101,59712
33,142,1359
244,120,247
93,134,49859
247,129,18630
14,130,1560
121,125,21579
8,128,2001
21,138,49204
246,126,33299
171,111,11277
4,126,3755
165,110,47882
159,114,16927
109,132,11635
133,124,2153
50,144,6546
136,123,2174
97,132,1774
194,103,768
205,106,38539
113,126,40864
94,137,3533
2,124,31276
118,128,15283
80,139,118390
152,112,1248
187,107,224
227,114,55558
22,138,20768
227,115,2716
75,138,853
104,138,13132
53,147,38
125,127,1637
133,125,19403
54,147,12728
191,110,8664
125,128,1297
184,109,21
14,136,215
228,110,37746
165,113,4194
33,143,13587
13,134,47626
119,127,12971
183,109,2
128,125,3397
180,103,3177
43,142,13046
136,117,28
77,141,1437
57,140,960
105,137,5581
46,148,988
73,139,743
153,116,221
74,143,59827
245,126,22526
244,126,34460
54,148,5958
115,129,25716
84,140,2473
146,120,10821
201,108,20484
213,107,16393
141,116,19528
168,108,4766
191,105,12010
52,147,30607
208,108,49126
107,132,47152
174,107,10039
46,149,58723
128,126,2679
87,136,4989
211,106,16556
98,137,7151
204,102,11099
34,137,7605
129,122,449
156,117,52
90,134,1139
204,104,33
124,122,35982
12,134,15843
126,120,2609
12,135,5127
2,123,5337
107,133,9554
15,130,30620
82,139,63339
189,106,5282
178,107,19876
220,109,1806
115,127,41807
249,129,8212
184,104,3153
226,109,957
51,141,161
174,106,45023
129,126,47304
164,110,12915
166,110,41304
16,138,61716
190,105,34279
244,127,2958
248,130,7064
244,128,16231
59,140,229
32,136,21535
184,103,27274
184,105,5221
203,100,16422
91,135,14737
192,102,5973
143,115,74012
165,109,34364
157,116,36485
154,116,5567
32,142,5369
133,120,51856
231,113,13405
116,130,37062
39,145,293
160,115,3598
117,125,25586
134,125,48798
58,143,21030
175,105,31048
81,139,85
14,129,9992
105,138,4532
225,113,22179
144,115,21740
32,143,3453
210,110,30998
79,141,20176
139,121,11
22,134,19682
35,143,1068
157,111,61143
68,139,2728
20,138,1090
47,141,67336
93,133,3642
21,139,30937
176,105,1188
84,141,29173
227,116,28645
64,139,664
202,105,10287
189,109,9627
31,136,11570
135,118,15346
193,102,22785
108,133,7444
135,123,24458
21,140,2017
173,109,436
163,113,9809
195,103,17854
91,137,29987
205,111,41388
55,148,10025
126,127,78754
121,126,17772
89,134,24806
106,137,23787
205,104,44419
186,110,2
50,145,14984
113,125,40035
19,135,2328
243,121,669
15,129,4690
158,110,51608
118,124,2847
180,102,829
41,140,1
107,134,7684
233,116,64
118,129,5
244,123,45706
219,112,6630
16,129,55504
210,106,84939
203,99,3872
55,149,20
164,109,1813
202,99,37987
3,129,9863
3,126,62565
31,135,541
14,128,38660
69,141,11172
172,109,172250
202,98,9849
159,110,1072
83,137,6699
178,111,31586
193,104,32590
49,141,7340
96,132,354
50,142,58212
75,137,18247
18,138,14442
115,130,48427
93,138,61330
55,150,196317
63,143,24837
104,139,8253
127,121,28594
43,143,3601
245,128,2592
97,137,9650
158,114,12597
91,134,3442
135,117,22337
171,109,412
113,131,6214
108,128,38061
72,141,40020
205,112,1457
172,111,13982
137,122,402
124,121,100578
181,102,22876
42,138,60
195,108,14674
68,142,7655
79,142,17666
129,127,9093
136,116,72434
133,118,3949
236,121,4618
180,101,4082
173,115,40910
14,127,60564
33,144,4603
104,140,819
106,138,16928
195,109,108457
198,108,50314
47,149,16049
245,129,9911
90,138,46
69,142,10806
85,136,71247
1,123,1712
62,143,5640
238,121,39457
15,127,345
95,132,1579
54,150,4247
113,124,22728
186,111,14976
226,114,16261
1,122,513
226,108,20801
212,110,19589
93,132,6069
147,117,492
156,118,37400
115,126,3405
206,104,36924
5,126,25575
132,118,1109
179,110,31650
115,125,340
112,124,51950
55,140,10689
66,139,386
212,111,10495
24,136,8677
42,137,37486
220,108,2001
32,135,5362
140,117,201
211,105,18
110,132,10339
34,144,103163
174,115,150
238,116,7709
157,110,51054
167,109,633
236,122,33761
115,131,20351
85,141,2986
35,137,25949
86,136,19860
191,111,36076
53,150,1171
40,146,25731
160,116,59986
46,150,5016
142,115,2261
157,109,41673
210,105,5330
69,143,1472
133,126,4091
195,102,3551
247,130,18914
197,108,2874
222,113,69
149,113,9311
166,109,3572
95,137,1527
157,108,14742
1,127,341
40,147,18298
149,112,20880
106,136,89
38,145,32229
182,102,81177
93,139,14536
203,98,32865
134,117,764
203,108,1
104,130,21870
201,98,31690
235,122,16206
100,136,33210
212,112,22213
107,136,9444
129,121,24572
191,104,1236
13,129,587
69,144,3730
206,110,7442
204,112,17809
130,127,51253
75,143,2514
60,140,43550
103,140,6981
23,138,1
4,130,2045
55,151,22043
158,116,14837
139,122,22300
20,140,1590
108,134,43491
81,140,15584
124,120,101136
11,135,9791
118,123,52970
170,108,18150
130,121,939
213,110,47668
55,152,859
229,110,4971
33,145,27601
139,123,10194
12,129,2900
21,141,33449
64,143,32711
81,141,66
2,125,20054
3,123,48347
47,140,22
73,143,6087
246,128,4207
11,136,15599
179,101,55
134,116,6036
204,101,4667
17,129,12096
192,110,7009
72,142,21892
82,137,34874
213,111,47526
37,145,75229
159,115,2475
154,117,29964
45,150,26375
235,123,33910
178,101,3183
112,125,14938
248,131,27072
169,108,60879
192,111,3309
3,122,587
60,139,52273
51,147,1398
19,140,46477
107,138,7053
212,105,28139
246,129,6614
186,112,73
125,120,1
60,138,28777
243,127,7239
131,127,15301
68,138,1183
61,139,359
80,142,22287
191,102,26832
56,150,3374
211,112,37209
123,120,14548
222,109,25884
164,108,11264
130,128,28173
156,119,242
89,138,3005
55,153,3232
156,108,87711
111,130,7987
245,121,18865
178,100,6984
39,140,46544
134,115,4091
4,122,36544
105,139,7908
76,137,624
54,152,27794
17,139,17299
4,121,78348
79,143,78224
74,144,17597
248,132,10453
132,127,599
79,144,6250
39,147,13954
43,137,229
19,141,4619
229,109,2271
202,97,20639
90,133,27917
16,139,9818
200,98,7861
112,123,18045
42,136,1147
153,111,72900
14,137,16697
0,122,1840
30,140,12043
132,117,1955
201,109,24420
205,102,10820
193,101,25486
37,139,62
247,131,23001
31,134,17524
42,135,2190
45,148,5841
174,116,24607
165,108,832
16,127,27714
139,124,25
193,100,9340
211,113,239
188,108,1684
56,153,14797
204,99,50347
78,144,61190
82,141,46115
130,129,7480
202,104,17666
228,109,10613
69,145,4979
114,125,10006
163,114,20099
108,138,7788
4,120,4518
4,119,99702
39,139,10773
57,153,3821
236,115,18506
57,154,11591
154,111,12285
0,121,2214
244,129,2417
107,139,22383
172,114,496
247,122,20866
242,127,23572
192,112,9726
229,108,9681
229,107,89704
210,112,6793
14,138,21897
185,104,16215
3,120,58537
114,124,7914
84,136,14859
81,142,3169
157,118,34838
35,144,13564
41,135,7268
103,141,4592
99,137,134133
218,112,39356
81,143,16377
226,107,10372
84,135,2225
83,141,513
57,155,401
235,121,37570
206,102,73910
192,100,773
5,125,11076
115,124,12831
27,137,84582
174,105,62833
111,129,29
116,131,15094
230,108,70614
179,111,26353
166,108,16839
207,104,108687
203,97,1362
248,133,117266
144,119,17641
102,141,5230
40,135,95238
68,137,18304
105,140,36293
243,128,744
178,99,6302
28,141,400
46,146,9424
212,113,30061
83,136,625
44,150,862
150,112,30792
212,104,228
204,98,7431
203,96,750
53,152,28439
106,139,7240
82,142,10802
231,115,4691
130,120,9
4,118,5480
12,136,1562
178,98,14417
30,136,19000
66,138,834
60,137,10552
107,140,84566
94,132,2555
177,98,15425
137,116,5374
215,107,2118
172,115,34105
127,120,28160
74,137,101
53,141,4574
177,99,3287
36,145,18267
5,119,16437
247,133,11762
12,137,2528
103,139,6996
104,141,21434
229,106,1763
124,127,7865
234,123,10599
160,117,1928
192,99,34325
154,118,14858
98,132,19041
158,109,22456
69,137,18242
104,142,5166
156,109,34197
210,104,4185
212,114,1340
5,118,3632
12,138,1121
155,108,9066
32,134,44784
123,119,317
35,145,19697
98,131,61665
244,130,15035
112,122,425
12,139,16691
18,141,39
43,150,28411
103,142,4308
73,144,11535
153,118,32279
88,134,17806
73,145,48928
235,124,2729
178,102,28305
158,117,73107
173,105,109767
116,132,60
173,116,6354
3,118,10
15,126,1769
122,119,1847
132,128,12112
134,126,22967
238,122,12615
207,102,3892
231,112,2
52,152,647
58,155,11476
39,135,45478
226,115,120040
215,106,29010
6,118,7883
4,117,3158
112,121,44708
82,136,5121
179,98,37114
73,146,8790
176,98,13780
46,151,17026
59,137,2966
201,110,13032
18,142,2501
53,153,36210
75,144,22504
79,145,3960
22,141,11636
56,154,12501
79,146,117509
12,140,1993
112,120,28271
228,106,7040
78,146,1684
228,105,14517
100,135,31
124,119,1
64,138,39
96,131,4193
117,130,21249
102,142,13
2,118,7439
104,143,15749
59,143,2902
67,143,6848
56,139,21332
246,130,7349
80,136,240
7,118,27048
84,134,2210
127,127,546
97,131,4135
125,119,13130
241,118,910
79,147,10977
105,143,18798
7,117,2712
233,115,6
5,117,82269
123,122,56309
227,117,458
123,124,6187
136,115,16685
7,116,13589
175,111,1
96,130,50
79,148,18623
3,130,4079
7,115,35804
191,100,5978
243,129,30
109,138,9609
248,134,491
1,118,15090
246,131,19313
58,156,9728
111,121,7488
111,124,69215
204,97,1545
132,129,10760
8,118,69910
227,118,3438
27,140,50079
174,112,1236
9,118,15902
78,148,1826
186,113,24150
190,111,613
104,144,11060
93,140,30707
118,122,31560
199,98,34262
116,133,13032
36,146,19654
241,117,8839
31,133,73798
158,108,3452
92,132,68199
129,120,3922
146,121,6
79,149,33536
247,134,13119
94,140,89895
202,96,52301
41,138,14570
60,136,2526
214,111,698
93,141,2506
203,95,16995
77,137,45771
135,115,68762
230,106,10528
2,117,7134
155,109,22836
154,110,63394
80,149,453
183,102,2039
123,118,31006
8,116,6836
106,143,641
135,126,47
237,122,223
108,127,25125
101,141,17594
134,114,10900
104,145,15403
103,145,16953
83,142,12383
248,122,25328
113,120,5114
42,150,596
126,128,26250
114,120,18634
17,140,34079
212,115,20579
175,112,72715
57,156,51252
41,136,2
88,133,9237
52,153,5844
148,113,9093
216,106,18732
136,114,2560
227,105,8993
86,137,15311
137,114,15821
143,114,49485
199,97,19669
159,116,5622
34,145,14098
204,113,8073
170,107,3146
11,129,7
186,114,39689
246,134,30230
180,98,54337
205,97,851
88,138,5718
16,126,42442
129,129,2779
78,147,1907
170,106,14750
96,129,1731
117,123,13684
128,129,16238
159,109,19103
168,107,2681
134,113,280
244,131,10529
236,124,4742
111,125,57005
191,101,1004
222,114,404
214,112,9101
199,96,567
154,119,25651
35,138,95570
244,132,53262
223,113,6293
9,116,9456
32,144,2835
240,115,28295
133,127,138
246,133,3508
216,108,1
164,115,272
9,115,21641
122,118,8955
6,117,83166
132,130,62549
154,120,41148
42,151,1542
206,112,1221
243,132,45739
10,115,52414
185,113,116
148,114,102
204,96,1411
243,133,4062
226,118,573
204,109,9
203,94,57
2,130,28863
62,144,12177
190,112,1153
55,154,992
214,106,1608
136,113,11574
203,93,23440
43,151,27082
139,117,9315
200,110,500
150,111,11557
115,133,1
194,100,14442
228,104,4114
58,154,21221
8,132,8697
95,130,1879
17,142,18583
174,117,33369
53,154,40
155,120,27918
156,120,13974
58,157,37427
243,130,63295
205,99,2473
31,144,28932
181,101,1
157,107,1800
116,123,1
188,106,24067
92,139,2579
177,101,752
141,119,4686
227,119,12093
103,130,251
102,145,38078
55,155,3
132,131,36538
14,126,10364
101,132,2433
165,107,32
47,151,36171
122,117,1270
98,130,10409
98,138,1525
241,115,90455
211,114,8052
17,128,2569
133,128,30769
164,116,2370
165,115,66456
204,94,31425
228,119,23237
135,113,33226
6,116,12010
2,116,2084
41,151,20
177,100,11698
94,141,9077
134,112,41076
105,144,186
233,123,16390
160,118,31717
161,118,185
176,101,5414
9,114,613
243,134,28565
206,97,122
85,134,4005
160,109,30063
107,141,132887
206,98,12496
156,107,12620
210,114,27548
75,136,22854
76,136,1155
10,114,71855
158,107,5184
179,97,65334
115,120,12
233,117,31704
39,134,11037
134,124,14180
177,97,8597
179,112,284
100,141,60615
104,146,21823
110,128,9946
135,112,26349
32,145,2178
117,133,12142
249,122,20978
18,128,4510
147,118,301
122,116,7758
10,118,2319
176,99,25058
179,113,42
10,113,24316
84,133,632
10,116,14919
121,116,17535
38,147,15
117,134,65784
181,98,71805
14,139,19701
57,144,78762
229,104,11156
101,145,22137
226,105,7341
111,123,2920
95,129,18205
17,134,52073
115,119,6954
128,121,7750
25,138,19894
78,149,5520
2,115,6202
232,123,91
93,142,49703
225,114,32147
42,152,9613
20,141,2845
1,116,13039
80,150,14686
230,104,39949
133,112,41652
86,135,215
206,99,20338
17,127,4317
175,99,75339
103,146,34803
147,121,4652
204,93,46696
226,119,23887
227,120,3664
207,97,340
17,130,53497
178,97,9248
248,135,13865
133,131,19275
180,100,25294
198,96,3756
55,156,2910
108,140,26427
16,142,4050
156,121,21359
57,150,3783
93,131,46157
179,114,8287
43,152,8800
95,128,1444
179,96,9449
9,113,5893
59,154,28065
229,103,8819
69,136,3057
243,135,5356
83,135,15220
52,154,13309
175,104,16519
175,115,6068
28,142,17328
18,130,17363
180,113,13773
9,112,47643
17,143,11415
206,96,29317
1,121,5
236,114,5232
107,130,21191
32,146,23282
104,147,478
84,132,30386
206,95,409
63,144,246
134,128,1366
204,114,3354
120,116,1
92,131,73
203,92,8896
121,115,2736
11,137,304
2,131,89
181,113,9369
154,121,8023
207,105,4
134,129,17125
217,106,423
29,140,13908
127,128,41807
108,141,43614
111,120,1099
140,124,9
242,134,903
81,150,17882
135,111,118488
7,114,96370
84,142,5462
57,157,12773
42,153,1855
82,150,38195
201,111,2789
135,110,4371
144,114,3491
202,92,172
15,142,101
34,146,14537
233,124,9863
128,120,6357
118,134,33572
10,112,24709
235,125,31329
240,114,1590
74,136,788
19,128,58837
83,150,629
211,115,10837
121,114,30072
95,127,15203
135,109,22772
197,96,225
128,130,13322
148,121,7575
114,119,16860
42,134,60162
197,95,6827
77,147,178
131,129,29143
230,103,42968
92,140,25173
98,129,36518
163,115,36533
241,114,1712
122,114,42773
245,133,29267
57,158,5165
94,127,47
96,128,19136
83,132,1435
80,135,578
57,159,70942
39,133,26330
11,114,2422
128,131,870
156,122,15206
58,159,8828
227,121,51
3,117,9393
59,155,1001
84,150,3311
69,135,26700
83,151,38317
241,116,18578
187,113,3
80,151,792
158,118,15590
79,135,2469
97,129,49770
106,144,42410
157,119,114
42,154,8792
210,115,15836
229,105,10315
244,134,16303
168,106,8117
2,114,18929
248,136,6327
137,113,1164
204,115,61
85,150,4386
228,103,2086
107,144,10924
110,124,1
101,144,7652
211,104,18222
203,91,51741
158,106,394
53,155,4341
101,146,25756
125,121,1
124,124,1
84,151,18228
18,143,9869
104,148,2031
19,143,906
69,134,6192
171,115,29359
17,144,16828
79,151,33791
240,113,1674
249,135,35418
122,113,40549
83,131,45869
229,102,823
242,117,28841
157,122,2143
109,139,8265
2,113,6040
232,112,47171
57,160,10598
132,132,5518
7,113,74878
249,136,21040
105,147,12521
3,114,936
202,93,880
9,111,55954
41,154,2971
227,122,44052
174,118,30525
33,134,12505
109,140,5869
111,119,5745
40,133,25464
179,95,23465
11,118,6578
198,98,28955
210,116,18
84,152,5390
70,134,18568
140,125,6841
11,138,36418
6,125,7500
203,113,35470
94,142,3449
94,126,41177
78,143,3
240,112,677
48,140,2
243,136,419
232,122,85
18,144,112
219,113,24569
59,139,201
242,133,18267
48,139,821
228,120,24294
191,112,4632
85,151,41965
241,133,3069
42,155,26021
200,111,457
233,125,22401
100,146,178
9,110,1462
190,100,33923
146,122,628
49,140,24509
213,114,5441
111,118,5226
157,120,275
92,133,1340
188,113,523
43,154,37805
104,149,26501
142,114,16992
179,94,594
43,155,3290
175,116,1476
104,150,2537
79,150,15735
203,114,3226
120,114,58
51,154,45087
243,137,605
242,130,544
56,160,40674
58,137,76
174,99,6593
106,147,6274
248,137,703
86,151,32012
56,159,3722
228,122,3634
230,102,13019
222,115,3488
85,140,34183
57,149,2
16,143,171
75,135,13
78,150,75400
113,132,47
7,112,45606
174,108,6630
19,127,47962
62,142,15002
173,118,7018
170,105,10986
33,146,30439
173,99,1451
242,114,2903
107,145,25098
178,113,21425
192,98,24859
8,110,32443
11,139,41087
141,125,337
11,140,2654
38,133,51638
237,114,518
10,119,5095
77,149,91446
58,136,2017
10,111,1975
203,90,81700
212,116,63642
103,150,25573
205,93,433
248,138,37722
150,110,75596
30,133,44568
212,117,304
192,97,526
159,111,1
214,105,633
242,137,49872
10,138,10670
242,138,3428
181,97,1755
243,138,21058
226,122,2274
173,107,2
10,110,22675
11,115,120052
55,157,2887
211,103,2199
122,112,461
173,119,22537
142,125,275
175,98,7583
110,125,53826
232,124,17621
80,134,93800
167,107,5589
180,110,1869
170,104,4980
67,140,1
242,136,12991
239,112,15828
197,94,8257
204,92,14248
242,139,4422
227,123,9905
204,116,57169
81,134,22777
53,156,51507
33,133,15696
58,135,338
30,132,35737
199,110,168
131,130,28983
227,124,538
160,119,4532
10,135,17433
20,143,20267
20,144,3
103,147,66539
160,120,18
127,131,19505
237,113,14065
79,134,2372
8,109,6121
132,133,1260
173,120,8927
94,125,31321
103,148,22914
94,124,485
123,113,48
211,102,48552
57,161,10133
12,114,31029
133,133,3347
241,139,153
7,109,13543
203,89,3586
133,116,9446
18,145,37178
118,135,3
176,100,11
207,96,24789
168,105,1
204,117,29643
207,95,692
242,135,59580
240,133,560
20,127,14300
29,132,24941
209,115,226
7,131,12198
155,107,23592
8,108,316
67,137,3732
109,141,22983
31,146,11808
110,141,342
208,95,1452
164,117,64642
243,139,22819
103,129,6233
78,151,25183
105,148,514
94,123,23464
206,93,6330
241,137,223
242,140,8531
145,120,27306
56,161,14189
105,149,22578
227,103,77749
27,141,5952
229,101,251
134,130,5247
136,110,160
230,101,17499
10,120,12
238,112,53806
147,116,21701
54,157,23711
225,118,4119
41,155,30
21,143,14503
37,147,14776
185,114,53333
12,113,71
30,131,23850
107,128,50248
179,93,8439
129,125,3
93,127,39391
57,135,10126
161,119,59
92,142,24337
156,123,15309
232,125,55053
136,109,24652
179,92,7196
178,95,5145
191,113,135
2,112,8893
34,147,1771
196,95,46985
40,132,53220
11,112,63
87,134,27293
84,153,3023
234,125,308
164,107,69526
182,97,3399
135,108,18577
80,133,51
95,123,44291
108,145,29003
111,141,43573
150,109,13775
175,117,22943
178,92,12478
187,114,5075
206,94,538
119,125,2
213,117,20546
241,112,22
128,132,626
207,101,2604
55,160,10534
135,107,16587
172,99,436
115,118,26
55,161,3042
96,123,14638
241,140,85672
157,123,1900
201,92,478
134,107,27771
133,132,12393
55,162,2295
10,109,13003
48,138,1273
54,158,1700
133,134,276
106,148,52
30,146,21761
132,134,14472
203,88,1551
54,159,4284
177,96,39213
11,120,34515
82,151,60582
102,148,30828
139,116,19535
134,106,34
11,109,14766
99,141,4041
110,118,41
55,139,12903
132,135,4121
239,111,6420
160,121,10629
157,124,9163
205,92,30911
16,144,417
63,138,1682
240,111,848
114,133,8120
93,124,22456
12,109,240
105,150,3494
240,139,1018
151,109,16864
56,135,66
133,106,3382
157,106,11472
239,123,4
14,140,13825
173,121,25614
53,158,4071
207,98,22118
157,121,1914
134,133,33780
233,126,8085
57,134,659
238,111,45757
175,118,5554
22,133,83549
115,134,2844
13,109,16167
7,108,10299
172,98,268
157,105,1154
132,106,27066
241,141,3186
103,151,967
11,119,463
196,94,29405
198,110,484
226,124,1521
122,115,3748
241,142,22154
163,110,3
13,113,38456
114,132,1
203,87,19308
109,134,70232
210,103,131
177,95,47197
73,136,27717
50,141,1845
18,146,36487
205,116,1180
182,96,6499
241,143,188
119,135,58180
171,99,91819
138,113,11898
171,98,12717
12,118,19146
69,133,3110
58,134,207
10,140,65890
42,156,42889
149,110,10296
76,149,5
12,119,12054
176,95,6460
41,156,24730
157,125,16336
23,141,61
170,98,1
229,100,2027
207,94,32426
10,108,16188
30,137,1
172,120,6744
109,118,11969
202,94,1214
248,139,1519
97,123,11971
41,157,1802
240,143,29938
18,147,1721
40,155,5879
171,97,980
14,109,11654
181,114,278
210,117,53795
228,101,3308
242,128,28732
108,146,7989
95,125,59840
135,133,6697
14,108,18215
239,143,7673
224,114,3
179,91,2489
7,110,9195
206,92,37738
199,95,7
243,114,334
41,158,1944
13,110,11009
103,152,31105
75,134,11959
156,125,12215
160,111,820
96,125,31042
170,99,4050
202,114,2515
125,118,6909
155,125,2148
133,135,492
156,105,14917
77,150,4027
170,115,82227
174,121,7111
226,123,44
58,160,12811
59,160,82012
9,109,35911
55,163,29310
204,91,10205
93,125,30099
203,117,123
231,103,6846
237,112,12901
148,112,45306
57,137,40784
178,93,44213
134,109,11558
240,140,10495
48,137,5
137,109,209
147,122,17116
205,91,1206
94,122,132
119,116,9186
95,122,25795
239,140,7693
135,134,32584
8,107,7704
232,114,242
70,133,13315
61,136,11807
204,87,10758
92,127,4
97,122,29198
175,119,3244
98,122,45110
37,148,45355
120,113,12507
207,92,48140
132,105,2547
150,108,21798
212,118,18651
93,122,1300
110,119,6276
43,134,681
102,150,12425
81,151,112
95,140,15411
133,105,4629
108,118,20207
13,118,8133
110,117,2104
169,98,41103
104,152,9559
111,117,4238
139,113,1904
54,160,2383
156,126,799
101,148,3903
177,93,74573
241,138,26740
242,142,4127
15,143,48684
176,94,3455
192,96,26219
107,147,353
202,91,5818
133,136,2395
84,154,84417
239,110,8514
86,152,3234
157,126,505
95,126,571
214,104,720
158,123,1579
81,133,82
19,147,31086
48,136,44405
202,117,13829
179,90,22867
132,104,5717
9,108,8340
213,106,1186
119,134,15987
156,127,42354
173,122,495
15,144,29001
122,111,34559
191,114,40211
110,116,39235
110,115,57134
136,134,173
94,121,4162
205,117,2320
84,143,1351
175,121,2669
61,138,1
50,140,991
179,89,944
43,156,36328
206,117,4059
121,113,1415
222,108,3321
13,128,74106
71,133,15177
178,89,13062
101,150,18346
30,144,14931
195,110,1839
169,97,1911
232,103,16523
180,92,883
29,131,29084
229,99,39765
158,125,6019
102,152,11943
20,126,11981
212,119,5098
14,110,13480
54,163,20294
202,90,4670
17,146,323
83,154,7688
93,121,24529
14,143,9926
132,116,58919
109,146,24516
59,134,32239
23,133,34606
107,143,257
148,111,44639
176,119,18259
179,88,1602
93,120,10831
192,113,9675
54,164,228
177,92,25906
180,112,37
169,96,85
15,141,94
99,132,4008
236,112,5
106,150,6096
24,133,33148
177,89,28461
47,152,163
52,155,2584
21,126,20472
135,135,1763
59,156,19923
8,106,1410
109,147,8903
208,92,5444
128,128,2
134,105,31250
41,159,2355
110,147,19706
206,118,14937
241,144,6645
176,92,19835
115,117,51763
150,107,519
136,135,37095
56,163,10995
175,92,2105
14,118,9104
68,133,5815
211,101,38650
71,132,25003
211,117,14133
15,108,2241
110,114,13531
106,149,8510
232,126,23043
59,157,3725
131,105,8444
48,152,14713
158,105,497
176,104,93030
129,131,12909
17,147,3619
141,126,5940
121,112,5844
118,136,4796
56,134,12243
231,124,1958
41,134,1
202,89,19324
202,88,1331
161,117,9
40,131,5085
199,104,12733
175,91,24442
125,117,7638
240,110,834
24,134,1
82,149,144
204,86,803
92,120,5517
21,127,100
136,112,1998
131,106,1215
205,87,12736
16,146,10904
54,165,22022
60,157,4757
38,148,59182
9,140,20883
242,118,99
178,88,23014
13,108,20696
207,117,27833
162,119,13186
81,132,25947
176,97,10294
196,93,12331
244,114,20
110,148,3045
1,113,775
214,117,60269
5,129,1
40,130,21331
240,142,7256
92,119,635
6,131,9
243,142,22970
176,118,112
178,87,55135
35,146,26319
135,136,257
85,154,19107
85,153,373
122,110,643
135,106,17464
62,138,45
80,132,1987
69,132,2592
59,161,10679
154,125,2066
205,86,431
34,148,5329
135,105,12169
231,104,594
121,111,350
148,122,16867
109,148,768
15,107,13588
129,132,7943
196,92,1786
204,85,2734
159,125,3895
161,120,26838
51,155,3207
198,109,4204
120,111,5
54,162,15851
242,144,32390
238,140,157566
176,91,24450
138,109,103
25,133,14716
92,125,751
177,88,3754
81,152,247
110,149,26101
237,140,5298
53,162,32035
119,114,18616
242,145,11409
63,145,4898
203,112,14
109,114,17195
22,126,11189
191,97,5257
106,151,125
9,106,1944
201,88,10987
215,110,44872
182,95,13724
230,100,30864
16,107,10253
131,104,1904
95,142,9735
177,87,12955
237,141,4714
47,136,5138
54,166,935
212,120,4837
118,116,10762
79,152,52171
180,91,1106
135,104,5101
138,108,10557
10,106,23865
175,122,9814
232,102,993
236,141,220
118,137,59894
91,120,4533
52,140,102
177,86,21357
57,163,19824
133,137,2065
22,143,662
91,119,34132
75,133,39472
131,103,22884
157,127,5472
90,119,2564
55,164,14481
17,133,1
100,148,43829
57,164,374
180,88,15963
7,107,157
243,141,46585
110,113,576
204,84,5008
107,118,36172
179,115,1252
15,109,8907
206,86,22522
5,122,35
36,147,6483
221,115,3667
230,99,36414
136,133,672
39,130,2161
202,118,66250
55,135,12054
29,146,20158
111,149,372
40,129,1492
111,113,27854
171,96,7656
93,119,4298
207,86,18027
136,136,342
91,118,4727
111,150,8163
203,86,12694
132,137,34402
191,115,5488
137,136,5410
15,110,16032
207,91,3359
101,152,1717
151,108,333
93,126,1
99,148,4778
90,118,2663
241,145,26246
240,109,4438
83,155,15960
174,120,17778
108,117,9115
9,105,488
59,162,27790
100,150,12184
84,155,16171
109,149,2578
240,108,6964
191,96,475
54,167,1053
117,136,8
29,144,860
112,150,5769
235,141,2052
172,121,26179
14,107,7428
69,146,13342
89,118,11241
6,109,13353
8,105,35667
11,106,12093
108,114,35037
7,105,96
179,87,360
139,125,46
148,117,1
122,109,12247
133,113,131
73,147,8258
168,98,21625
39,155,1160
247,139,25327
170,100,15686
48,135,4071
225,124,25722
213,120,51229
149,107,11735
85,143,5313
124,117,1
235,140,16846
187,115,6527
41,160,26833
119,111,66172
57,133,21189
234,140,36239
109,113,9187
113,150,47695
157,128,209
177,85,1751
136,132,1213
17,107,1231
176,86,3034
133,115,1
18,148,97741
88,118,24345
21,125,19266
10,141,4600
107,114,5677
52,156,2385
231,126,2214
178,85,9682
123,111,30366
205,118,58031
87,118,17536
228,99,855
130,105,9425
10,134,6254
83,156,3655
230,98,3223
107,117,16000
205,119,18263
203,115,134
211,120,24823
60,158,35042
168,96,95346
58,163,22344
132,103,64097
82,152,35865
156,128,33175
77,151,184
100,152,35425
155,128,3160
20,147,3823
59,163,18501
92,118,6959
185,115,11
156,129,33657
106,152,23583
11,105,60
131,102,104299
208,86,80653
82,156,4732
135,103,82052
175,123,4594
59,158,22341
40,160,46980
178,114,37853
136,104,8100
109,112,7122
49,135,4499
76,151,20446
110,112,3518
203,84,4134
139,126,9946
242,146,140636
166,115,408
106,153,22966
107,113,4119
12,115,37911
58,150,69
225,125,3156
137,133,41169
137,132,4939
89,117,68678
225,126,41431
243,140,1
39,129,16746
134,104,10
202,84,10530
241,110,15679
137,137,11938
209,86,17514
233,102,5416
175,124,1981
39,160,18
176,124,348
38,155,6828
38,160,46
157,129,45821
89,116,46861
106,113,4998
39,156,10118
41,152,28
90,117,51
11,104,45439
7,132,486
204,118,12603
158,104,887
158,127,12683
83,157,3283
38,161,10794
248,140,4007
58,164,16263
162,115,21908
172,122,2426
191,103,3
149,106,7446
210,86,21177
59,164,12294
11,103,15263
234,141,226
134,103,225
243,145,37399
60,163,814
176,120,23
12,104,975
109,111,22192
132,102,2717
86,153,4537
172,116,144
205,120,989
155,129,28115
122,108,2090
104,153,69054
86,118,16901
78,152,19303
154,129,12487
212,121,4787
133,102,33874
67,136,17474
241,146,12926
74,133,7885
243,146,84034
137,131,7029
176,85,15668
8,140,331
249,140,30945
240,107,10933
209,92,5236
134,136,65031
160,125,31524
114,150,56133
96,122,5303
167,98,4803
15,111,23
100,151,16976
123,108,47352
138,137,15026
203,83,32287
8,127,50
218,113,201
237,142,29356
226,125,428
175,85,13637
178,84,1791
13,111,6954
39,128,1180
148,110,1561
171,121,33458
208,85,9
240,146,1477
112,151,15980
231,98,3786
201,84,3860
204,83,176
235,139,4
15,106,27692
121,110,31003
60,161,1786
241,132,31
91,117,25320
241,147,685
106,154,108742
199,111,3664
77,152,23
224,125,1063
190,97,3349
226,117,1
137,104,150
11,102,3922
192,114,3699
204,82,5447
231,97,18597
132,115,29
203,82,24310
171,122,96
241,109,11173
85,155,3703
10,105,3513
55,134,2371
1,131,596
61,158,14528
22,125,9438
37,160,14994
138,138,15497
111,148,229
58,151,3534
54,168,384
240,147,319
206,120,30005
138,110,554
93,118,14090
232,101,16910
10,104,3991
115,150,6162
40,128,46606
37,161,5927
55,168,59314
140,126,40016
115,151,16
208,84,48909
177,84,80904
232,98,11398
116,151,40991
92,117,25832
84,131,644
135,137,465
118,111,6432
223,125,119
236,142,67947
201,83,5845
56,168,2341
117,111,69692
53,168,1031
204,81,5315
227,99,6173
239,133,30
167,99,7665
48,134,19969
42,159,4276
203,118,31756
102,140,1
84,156,1
140,123,48115
202,83,4387
202,82,12070
57,165,4665
87,117,8488
174,91,66135
176,84,15904
68,132,6663
176,123,1410
54,169,11270
13,117,64915
225,127,15757
230,97,4595
88,116,870
69,131,7685
21,147,39082
235,142,9372
107,152,641
61,163,14248
206,121,105
82,157,9744
210,92,1995
90,116,14715
111,151,1913
132,138,4785
215,117,32749
170,101,4
15,125,14837
18,149,32952
234,142,16055
116,136,87
233,142,29146
208,96,1853
86,143,32885
239,107,13742
60,164,46
158,129,4922
22,124,2169
106,114,33796
214,114,1
156,104,17801
203,81,3940
112,149,5184
139,137,51993
132,139,62432
111,147,7333
227,100,9686
195,92,81
11,101,41397
11,100,64239
56,169,3500
137,103,14204
100,149,10290
44,154,8752
231,96,2778
237,139,47683
81,157,5363
147,110,121
56,133,11614
41,128,24934
43,136,7393
202,86,2245
116,150,54161
108,112,3343
131,138,6165
175,86,5136
230,96,48292
207,120,7081
112,152,108
245,114,626
136,137,514
242,110,19733
241,108,59197
70,131,6700
149,105,233
234,143,61
179,84,51574
167,106,5851
119,136,37960
136,138,12847
101,153,22046
240,148,32526
182,94,21
100,153,177
108,152,4214
206,122,1178
200,88,34
234,139,232
38,162,23232
231,95,52042
180,87,16183
11,99,8993
72,146,5344
84,157,6490
12,102,5079
85,156,18887
83,158,8019
175,84,1683
12,100,1503
224,118,4127
133,138,586
116,152,17427
30,147,19114
92,122,11285
232,95,15
137,102,2242
60,156,37
170,121,3681
18,150,4232
38,163,2143
57,152,8176
131,139,7573
86,156,11069
155,126,20
148,105,16
13,139,1
71,131,1720
138,122,1
233,95,7985
156,130,5413
10,99,1711
163,108,3
239,148,32939
159,129,133
178,83,604
121,108,3371
36,161,18273
111,112,54
23,124,14886
153,129,5535
59,165,2275
212,122,41339
58,133,7234
137,135,3
239,149,3575
211,86,6538
80,157,7162
201,86,5022
84,158,1751
17,106,1367
21,144,4230
37,162,11747
156,131,695
18,107,1387
87,152,33471
240,144,3103
244,145,10233
239,144,29698
23,126,3562
200,84,17879
178,115,2215
153,130,7732
137,101,2298
234,126,154
160,129,10617
182,93,24848
202,81,45830
87,153,15380
245,120,11
200,83,901
130,138,3791
133,139,33270
53,167,1425
205,81,25756
132,101,10706
238,148,7325
8,104,8027
130,106,1973
18,106,21602
244,146,1101
87,156,7350
233,143,2931
55,159,1
190,114,4237
87,157,10567
240,149,3510
76,133,786
240,106,37
54,170,3195
182,92,13427
244,115,247
115,152,4118
233,94,21337
106,117,524
77,153,447
226,120,5
133,140,29435
60,160,15463
39,162,11
234,94,18861
111,152,31345
39,132,950
9,141,6671
112,153,9462
88,153,28861
224,126,2085
152,130,337
171,95,3249
199,83,4159
29,130,15
157,130,4233
37,149,5998
117,110,29376
55,133,63812
113,153,16201
130,102,129
139,138,33569
13,102,640
177,104,2
113,133,3183
111,153,86681
99,129,10
132,140,19407
183,92,22161
9,138,72
53,169,9312
174,123,15880
128,133,3
238,149,1004
193,112,35
103,153,31828
138,102,6441
233,98,3107
55,169,3809
107,127,328
117,116,42809
156,132,3868
134,102,7958
31,147,8794
107,119,1
60,134,13982
130,137,19609
201,106,6
149,104,77
6,132,39168
85,118,565
71,130,300
37,155,2906
206,81,16145
83,130,159
112,112,4
8,141,4215
90,115,11327
10,98,7329
76,152,37914
33,147,5
13,114,13346
199,88,51093
166,99,2225
90,120,13737
48,151,1
85,144,21461
11,98,29
236,143,6508
87,154,31687
121,107,18959
53,166,7058
202,80,10146
177,124,3833
10,97,41086
234,93,814
173,91,222
58,165,10450
218,106,4994
128,134,362
137,130,14
107,115,4
169,95,661
52,162,35144
198,83,625
167,105,57
201,114,2547
168,95,584
179,83,3513
82,158,3171
210,93,43
104,154,1111
178,82,6028
36,162,2677
235,94,94
211,100,612
90,114,2227
19,150,5844
62,163,22017
244,147,38807
223,124,2804
52,169,21783
107,153,8030
131,116,529
214,118,216
150,104,4248
112,111,18798
169,101,46710
232,143,32237
203,80,1927
203,79,6517
88,115,43594
85,117,2405
117,151,9700
54,171,20210
11,97,17387
11,96,1118
62,164,7257
245,145,47
163,107,6874
123,107,4190
203,78,375
201,82,8967
169,100,16
12,99,1676
111,142,4974
90,113,91
17,105,928
35,161,39353
234,95,159
53,171,10505
153,110,6
238,150,8180
244,142,6
177,125,3182
43,159,8
99,149,2
138,101,8509
212,86,4847
41,130,1147
177,82,4702
89,113,5438
103,154,5238
181,88,2285
133,101,1111
110,142,32635
48,133,4542
94,118,7921
85,132,113
223,123,28577
120,107,9742
205,80,13262
166,98,1703
177,126,1280
185,116,3607
52,139,274
37,163,517
83,159,33253
223,115,116
142,126,20360
237,149,526
174,90,32047
169,121,360
84,159,654
207,122,5818
13,115,6157
182,98,18
241,107,26
30,148,10439
89,112,1268
151,104,10393
54,172,36052
224,127,183
174,84,2086
12,98,18668
88,154,19
19,151,16934
155,104,7589
177,123,55203
211,85,79
10,96,22255
204,79,33962
127,132,2328
58,166,6074
74,132,9309
120,106,2153
229,97,5685
131,101,45
241,149,33491
112,119,16402
18,151,4622
177,83,25162
9,96,65479
169,122,1867
129,102,2374
180,84,605
53,172,19849
9,98,497
82,159,40313
200,82,1323
8,138,3038
236,94,12001
38,154,2512
53,157,6609
91,116,196
108,153,29453
50,135,108
19,126,5707
13,101,62665
203,77,397
91,115,30575
113,154,5489
40,158,10262
88,157,6243
240,132,30435
117,150,19411
204,77,14364
19,152,16907
159,106,30
52,172,9400
167,104,7002
101,154,550
86,157,18209
201,112,929
10,95,4335
85,157,17863
36,163,95
129,101,11125
139,101,28693
213,86,33636
132,141,436
24,141,2604
52,173,19498
81,158,45807
11,95,42576
79,132,18
86,158,19027
179,82,9428
83,160,10004
105,114,4190
175,125,332
104,114,3231
13,98,7006
242,149,171
117,152,12367
8,96,3289
177,118,8
151,105,3525
80,158,60
202,78,37595
52,171,24509
12,96,7870
40,127,119
110,153,963
147,109,13325
131,100,2245
14,106,25893
242,150,21514
11,94,30559
56,170,13062
108,111,1996
214,120,11805
91,122,1122
235,126,30450
172,119,6
157,104,25280
201,80,10529
175,90,5
242,151,16079
12,95,1063
119,107,17781
16,111,1236
84,118,27198
88,112,51432
113,155,22345
84,117,32762
92,115,9373
231,127,33044
84,160,78
104,113,112
177,81,29841
242,152,2650
118,107,20264
132,136,93
13,99,2167
242,153,4167
206,123,8388
233,140,35071
84,144,23
167,95,13158
135,128,644
237,150,32836
39,163,8831
81,159,17987
138,139,106
17,151,6404
83,117,10
201,79,12518
154,130,2186
94,119,21184
233,144,75027
222,125,216
177,80,12311
238,151,165
227,101,1876
53,163,48
178,118,3047
11,93,22415
14,102,19540
236,95,11925
177,127,462
57,170,11065
79,158,171
54,133,1316
111,111,7282
90,112,552
90,111,2912
175,83,15794
54,132,7637
25,132,7444
239,150,28574
202,77,16564
232,94,74608
131,141,2826
147,123,270
103,155,5622
10,94,9911
85,145,17
118,151,13109
60,159,4
152,131,2358
39,164,177
197,83,3851
119,108,3001
130,101,42680
106,112,40659
184,116,20808
37,154,6
88,114,18966
161,125,1711
155,132,29541
103,114,177
92,114,26008
13,95,16975
200,79,5274
234,144,2570
81,160,58671
183,93,21
89,111,46208
135,102,6913
88,113,627
52,166,1752
242,154,21369
205,122,78
10,93,128
131,99,559
121,106,11352
18,152,13121
88,111,14573
130,100,40674
112,141,35
85,160,49595
112,154,6795
231,143,68546
233,93,1148
36,164,7382
35,162,17358
239,132,2781
156,103,16333
9,95,14286
137,139,1
139,127,846
230,95,1228
36,154,1737
177,122,5667
150,103,23021
201,87,5974
39,165,19208
204,122,37760
54,173,17084
17,111,141
94,120,1
55,172,42974
25,134,3
222,116,24412
174,86,41
231,142,3366
177,79,164
38,129,13577
129,106,7063
136,103,1
64,137,2697
88,110,4456
233,145,4756
101,155,6847
89,110,117
59,153,71
12,94,53492
176,79,8861
51,172,5429
51,173,10480
211,122,15254
212,123,803
41,129,3191
80,159,6014
56,145,135
131,142,5469
36,165,5305
86,117,12980
83,118,757
151,131,33348
213,121,10858
178,125,17097
17,148,363
102,144,112
178,79,468
87,110,26079
243,151,20266
23,123,3
156,133,13160
155,133,48614
175,93,28706
168,97,12767
167,96,65
174,89,3342
166,97,3603
78,158,29275
120,105,292
139,112,18
86,160,13633
104,112,39224
62,165,4152
10,92,3600
63,163,20436
82,118,856
64,163,7303
14,95,38135
207,81,1113
235,143,17235
230,143,18716
90,110,2648
13,94,525
156,134,23967
107,154,2837
177,78,750
134,140,21337
221,125,24944
52,174,15016
111,154,20626
231,128,25515
211,84,13186
190,113,13999
61,165,16716
42,149,4
86,161,3685
107,111,13709
112,155,20652
16,151,1177
205,123,21318
233,146,4725
199,82,61196
39,166,32678
119,151,5361
37,133,53417
14,99,29926
80,160,38370
110,139,10
32,133,24605
213,122,60192
229,96,1483
38,128,982
155,134,9707
120,151,14
176,81,36604
208,81,101
53,173,2341
114,155,28705
58,170,1864
197,82,344
112,110,30513
35,164,493
120,150,6506
20,142,1
68,134,49
201,117,1990
63,146,14
111,110,1430
176,80,66999
161,121,634
7,96,98
170,95,2970
212,84,18691
231,144,4282
234,96,478
227,102,21
204,121,6258
66,143,153
52,175,6278
119,105,25281
62,158,122
137,108,8
45,151,6
159,130,58
212,124,143
11,92,29923
68,131,85
103,113,2441
6,96,8089
231,94,50837
87,160,8403
97,121,2
15,118,15360
23,122,5255
35,165,8307
86,145,551
109,110,2231
175,81,4380
13,93,23107
38,159,24571
212,85,39686
229,143,3374
16,152,3113
180,82,79
207,80,31084
10,121,38
104,111,19917
237,151,8446
243,154,14687
111,155,415
174,125,44770
155,135,21197
87,112,18083
180,99,4
16,153,295
209,81,3317
146,109,5615
178,78,660
89,109,42
234,92,6732
51,171,33594
238,133,22
174,88,756
7,95,2
204,76,47378
9,92,8323
207,123,1
13,92,6198
228,143,13958
149,103,98
204,75,1001
230,142,173
131,98,19458
15,153,256
48,132,218
114,156,363
42,128,15418
15,95,11756
29,129,20504
166,96,7559
15,151,13481
175,126,2111
203,76,2702
104,110,41311
56,172,9286
203,75,17961
148,104,13822
154,104,53439
161,129,2135
91,110,5531
108,154,9052
118,108,3
121,105,939
86,132,8103
115,155,18248
105,110,5872
88,109,39933
174,81,1010
15,99,13118
92,110,7208
86,110,5260
205,77,18888
118,130,49
157,103,6897
84,161,1084
209,80,2804
173,88,25021
12,92,1004
14,92,163
29,148,19459
140,138,2195
99,153,34176
209,79,2047
57,172,787
204,119,18367
203,74,2373
38,127,7695
16,95,5914
208,82,5588
190,110,1
173,89,35101
110,155,16665
227,143,11875
204,123,7617
197,81,22565
242,155,980
206,77,17768
134,101,730
85,161,15761
229,120,2
155,136,24383
35,154,22271
136,105,15287
241,155,297
85,110,21092
121,150,53743
23,132,20
37,164,8852
1,112,35
28,130,36
57,132,6493
173,90,28554
37,156,1181
112,156,20375
110,123,15
58,132,126
185,117,2020
16,154,1054
34,165,1753
91,109,22966
109,109,1333
102,114,37144
66,137,9147
16,99,84
91,108,28019
57,173,33
58,167,9286
41,161,1873
207,77,496
15,92,920
12,91,8124
140,139,984
86,162,29816
202,76,821
211,92,3409
64,162,14006
15,152,11466
113,111,83
113,156,784
158,130,1754
165,96,4622
177,77,7793
141,120,16
129,100,39619
164,118,10
237,152,78
180,85,2
7,141,13
52,176,27772
134,139,7774
121,119,21
119,104,22923
105,142,1
35,166,10334
61,159,7575
164,96,4278
178,127,2677
53,176,9573
173,84,23929
140,140,9362
140,141,998
235,92,4354
204,74,18660
242,113,7
179,127,22092
15,117,9158
205,75,3988
173,85,11898
35,167,1485
20,152,193
240,155,3452
103,110,6520
51,176,5719
244,154,122
42,161,1689
221,126,11335
59,150,866
21,152,19
214,122,7793
241,156,32498
245,147,7666
52,163,2003
14,144,56
103,156,10536
60,165,5398
75,149,14891
211,124,55
98,153,2005
241,153,11013
241,157,924
155,137,2841
12,90,2126
16,96,13053
120,104,33031
62,166,3
103,109,30660
138,100,458
29,147,10116
88,108,27594
24,124,20
15,91,10935
118,152,2258
203,119,5412
240,157,47640
113,157,96
93,114,1328
85,162,373
69,130,43230
106,155,34947
49,137,2
112,157,3781
15,154,786
34,162,2287
139,140,5512
16,100,14865
82,117,1521
142,117,1
91,107,4157
177,76,1437
152,104,9333
15,100,16320
122,150,15449
87,108,76
34,133,19822
57,171,8282
236,150,7870
34,164,10154
14,91,6724
87,107,281
160,128,5424
14,151,43396
87,161,2682
173,104,14
58,171,16097
36,166,36212
155,138,27460
87,162,3952
88,162,3260
179,126,49727
175,80,20076
19,106,8899
132,142,7282
171,94,39760
209,78,5233
58,131,642
133,141,26636
236,151,23048
135,140,276
54,174,1794
241,106,8058
108,155,12
121,104,215
175,79,7008
111,156,15
6,95,37509
17,108,48314
242,129,1
53,177,43754
209,77,50852
112,158,12236
7,94,1845
133,142,112
34,166,15808
141,141,6703
91,106,24341
122,149,8083
235,93,4060
14,150,11
139,109,49
239,157,6157
236,96,3088
56,149,1
120,152,19723
86,163,3612
131,97,8322
174,80,10416
224,128,7707
33,164,1015
111,157,10910
242,106,118
6,94,3477
235,150,50888
176,76,33108
53,132,102
119,103,10114
117,115,20
245,154,8170
200,112,36
8,92,13678
228,97,29503
241,158,7814
53,178,13275
92,106,2690
118,103,13950
236,97,3284
80,152,2303
161,130,331
202,74,2484
176,75,14159
231,93,32340
89,162,14777
86,164,55
239,158,23326
36,167,14098
93,106,3158
16,91,2204
177,128,27914
9,91,4
119,102,8158
14,152,20515
85,164,8607
207,82,1
239,159,39421
103,108,21356
141,138,22
195,91,36966
59,133,1
224,119,6
56,132,308
7,92,14393
177,129,6662
203,122,1892
83,116,1964
162,121,2
16,90,6499
158,103,6075
111,158,116
164,95,61
18,108,240
175,76,7864
123,150,6897
213,85,30391
129,105,793
58,130,471
221,127,26188
242,157,12633
174,82,14084
56,131,3812
160,130,619
22,152,1931
240,159,5482
84,162,5917
238,159,974
221,128,7037
223,122,51
16,94,30609
180,126,20968
179,79,140
89,163,5613
178,129,5009
205,74,3474
32,164,299
14,149,215
116,155,15435
51,177,30574
179,128,10999
166,95,22114
36,168,1715
84,110,8335
156,137,6377
137,100,4710
17,91,1806
28,144,15
160,124,34764
50,177,20737
37,153,22
130,98,14
12,89,7522
16,155,8427
114,157,1053
35,168,18831
119,101,284
243,157,16704
87,164,6129
98,121,35
53,179,18597
88,155,36232
141,142,20466
237,133,18456
118,101,30853
237,96,8373
228,142,137
176,74,11821
180,83,13559
14,153,7713
142,127,8116
103,157,5091
177,74,39
238,157,3304
154,137,5177
6,108,1
246,147,22
83,129,8064
83,162,46559
202,73,89
221,129,6063
34,168,323
173,86,6647
238,96,15850
207,76,10523
203,121,545
90,106,31782
107,155,4460
178,74,10988
177,73,3435
229,95,33400
141,143,8335
89,164,38
139,141,6992
92,111,567
90,164,9845
156,135,7249
127,134,25
15,155,18694
141,115,16911
117,103,4376
65,163,16325
210,78,8
141,139,4654
201,118,51
231,92,374
203,73,742
182,99,4
126,131,27894
56,151,1
11,89,10859
15,90,52187
15,89,32509
211,78,2838
139,100,3114
8,91,1265
86,107,33279
92,105,23108
16,89,42961
127,133,28
32,163,1093
38,126,12
214,86,174
80,161,28403
172,84,1666
136,100,234
204,124,40710
211,77,1161
128,101,1727
40,126,103
117,109,133
177,72,11305
9,132,3
69,147,156
232,144,3636
204,73,221
17,89,47486
33,168,1025
112,159,183
204,125,25882
50,178,55358
59,138,1
156,138,24275
234,150,11233
130,97,6674
177,71,26807
129,98,31
17,88,56
40,165,3648
164,94,2935
241,159,17096
137,99,262
237,159,23708
44,159,37
132,143,35532
94,106,789
108,156,290
116,103,6638
30,130,10059
176,72,24203
58,169,3912
204,126,4159
163,94,1440
8,90,17578
104,115,2
87,165,2800
117,104,253
19,153,51008
111,128,8
202,121,15161
113,159,11798
19,107,574
104,157,5
166,100,18488
85,165,792
200,87,25834
238,160,3649
124,123,1
39,126,701
137,98,10268
50,173,13910
230,94,20651
50,172,6778
85,107,1096
131,96,36183
177,130,8829
67,135,68
111,159,6863
103,107,748
77,158,1151
171,84,13
180,127,158
11,88,710
201,78,2318
32,168,2371
230,126,3028
18,109,8546
89,106,4994
84,165,73392
17,90,6128
25,124,29848
52,168,29371
202,72,13705
237,160,2301
154,103,28146
178,75,3550
214,87,1864
6,126,71
103,106,580
37,127,14280
171,85,1017
177,70,4122
42,127,13010
119,100,2655
231,141,51
203,72,858
14,154,1831
65,162,42484
205,126,7255
236,92,79
103,105,427
178,76,53877
128,127,1
18,90,10066
180,79,16825
19,90,9616
157,133,26926
107,112,1
211,79,46110
236,139,70
110,157,16126
19,105,2297
131,143,11836
242,126,16382
93,111,15480
112,148,1928
110,140,2
102,115,4
129,97,5
38,125,15763
85,135,1
69,129,68
138,98,9671
18,88,25814
19,91,27223
176,71,17328
205,73,567
91,105,6088
124,150,9863
237,161,829
226,101,12860
142,141,1
129,96,17270
114,159,3
183,99,18
223,127,6313
240,154,350
75,152,4
63,158,29610
82,132,24
119,99,31074
241,160,2647
131,95,520
89,105,602
32,165,4334
176,73,24487
95,106,388
81,118,4513
191,116,13989
53,180,9088
14,155,1780
180,80,49064
139,98,2585
191,117,15832
130,141,17717
178,70,28025
98,154,17086
138,141,3267
178,130,45766
18,89,24510
179,74,6536
16,97,11849
13,152,13528
172,90,1277
50,176,31873
63,166,71
83,165,26
237,162,1145
22,151,101
17,97,120
87,166,1288
15,88,7837
246,148,19568
238,156,14726
119,106,8760
238,161,19004
89,153,53
58,149,9
13,153,20750
203,123,1422
201,73,1144
140,98,28516
68,130,95
129,99,4518
31,163,3464
237,156,1041
157,102,167
85,119,5801
80,118,28540
49,177,3439
84,107,28676
79,160,19962
128,99,16670
19,108,3132
239,160,30902
85,111,3094
179,70,3267
89,120,52
93,105,1686
154,102,3209
84,164,9664
82,165,28224
128,97,422
155,139,2436
202,123,3
156,139,2549
171,90,49101
15,87,29243
135,141,7126
122,122,1
228,144,23976
173,81,2296
236,138,3866
76,147,2
176,127,30342
198,111,1776
238,97,5
103,158,1740
84,119,2
83,110,41547
20,108,626
156,136,14263
32,169,37906
17,96,97
157,134,14816
205,72,4592
176,70,5546
55,136,3
163,93,10085
21,108,7631
210,77,4961
237,163,2284
154,139,8570
179,130,92
163,92,9679
128,100,19154
66,163,4860
96,121,6
62,159,144
11,87,7
54,176,5360
54,178,3899
70,147,368
10,101,206
92,104,4864
49,178,942
238,162,8026
89,104,235
132,95,523
102,105,377
81,165,18575
134,141,6
213,124,23893
54,179,4128
128,102,6134
201,72,716
178,69,24439
178,71,5792
52,180,7102
11,91,15
180,74,9
150,102,8
18,87,8703
212,83,14080
179,131,13357
51,180,7247
241,161,37801
49,173,4305
53,181,29177
80,162,462
15,86,17713
203,71,30814
85,106,6903
138,97,457
32,170,10661
112,160,10574
90,162,5660
34,161,3946
15,85,155
10,87,2415
21,109,7
130,142,198
135,142,1875
55,176,2394
137,123,2
80,165,5747
85,166,23811
83,107,21673
110,110,9980
177,69,1580
204,72,1517
64,166,1494
122,104,11058
212,77,15639
124,151,7711
30,163,39886
88,166,51152
51,181,145
14,85,27986
177,68,6100
199,89,121
118,100,19
13,85,16533
228,141,755
64,167,6977
53,182,1380
115,154,385
87,167,16751
82,107,292
180,75,5265
17,155,3098
58,172,31
130,143,23
32,171,36215
120,99,278
113,160,30
139,97,22756
15,84,2646
181,127,7934
59,170,3712
177,114,11
115,103,18336
205,71,1483
200,78,3465
53,183,16876
178,68,8734
128,96,27979
51,182,14712
19,89,8472
171,83,4943
14,84,23982
48,177,12
48,178,28085
163,91,2676
54,131,141
17,87,1206
138,133,18575
48,176,15601
22,108,5226
139,96,36771
115,157,42216
179,68,21136
12,88,6151
16,117,297
18,86,11046
237,95,2891
8,89,29
178,67,14372
175,73,26755
34,169,3138
105,157,11796
22,109,1441
91,162,9590
13,84,1383
135,143,420
239,97,79
179,71,2760
154,140,5329
235,151,7212
139,95,19683
176,130,508
150,101,9727
33,166,16423
236,163,24881
131,94,16917
108,157,10164
238,163,44288
71,129,17250
157,138,14630
200,80,2967
212,78,2116
157,137,1089
65,167,17593
199,80,19403
100,155,56
176,69,56802
119,98,465
174,76,7
178,131,41109
162,129,1026
51,183,274
121,152,20338
78,157,507
212,87,7601
68,129,607
210,76,9496
175,70,1283
20,89,1986
102,158,5585
81,107,19852
178,73,4489
152,103,1477
164,93,1
96,106,4049
126,133,21964
151,103,9
215,86,8840
14,83,7624
174,73,2618
50,181,20308
111,116,5
77,133,54
236,162,41565
212,82,16997
176,68,2080
33,161,25
173,80,9964
155,118,2
123,151,3178
179,67,20075
222,117,15818
176,67,15016
239,96,20451
84,111,20879
139,110,14
19,104,5491
13,119,3
234,151,56501
245,115,5
157,132,12673
225,128,18737
50,182,15419
182,127,10485
31,169,24
177,131,30566
145,109,916
178,132,13406
131,93,5003
234,91,2544
204,71,97
200,72,4002
212,79,834
83,111,2043
38,124,2702
242,161,2545
185,118,10370
58,129,12905
104,107,14194
235,163,22894
170,83,82070
22,147,8
64,168,1908
153,137,186
65,161,1062
84,109,5512
92,162,99
59,172,320
7,97,10
1,117,1
170,84,2581
128,98,13133
173,83,12728
33,171,12869
12,84,12296
9,87,4434
196,82,759
129,95,26559
199,72,15475
19,88,7694
120,98,250
120,97,3272
121,97,6364
20,105,94
122,151,42
180,68,1407
11,86,20003
200,114,5
109,133,1
180,131,45543
54,182,15118
16,88,26794
178,96,1
53,184,8116
143,141,3641
174,79,2634
31,170,1465
209,76,9585
179,132,6140
129,142,26757
17,117,8220
14,82,4858
120,96,59640
52,183,4784
17,95,577
139,94,8710
120,95,17002
182,128,192
235,164,28014
41,127,901
80,166,1914
213,83,2767
180,132,4205
82,108,10140
91,104,2328
234,163,1062
233,150,466
13,83,21329
162,130,4053
108,158,7679
36,156,1547
146,123,19
199,87,7
49,182,1295
182,129,8488
53,185,3408
88,104,30637
54,180,28362
138,132,1
8,88,22463
243,158,38821
13,103,1
20,106,8978
213,79,2587
33,172,14020
55,131,7191
201,93,1
234,162,5340
154,141,23273
214,103,35
49,183,6003
118,138,23
37,124,408
224,129,13532
43,127,27636
163,95,161
155,141,9085
227,142,12944
130,144,2314
123,112,23
84,120,6637
12,153,12003
127,96,38369
210,100,2539
130,93,37710
176,131,4028
0,123,3
140,94,78484
118,98,11761
236,164,3150
210,75,2130
24,122,1955
16,156,1790
8,87,33791
120,153,21144
236,165,5432
179,66,1386
48,183,163
114,160,54450
121,96,27668
183,127,1055
238,107,9
239,98,1443
204,70,23857
211,110,1
92,163,5670
126,96,3103
104,158,272
153,103,12197
156,141,8334
86,167,15421
115,160,23882
19,87,3047
142,143,1666
235,120,2
116,111,8053
120,94,16527
233,162,4939
138,96,4554
236,166,46391
226,143,19926
15,82,48165
65,168,6989
88,167,1988
236,167,783
175,69,8672
169,84,207
82,111,30599
84,166,42080
165,99,1226
208,76,2553
115,161,12026
65,169,19314
20,104,3810
163,130,2859
235,138,913
18,91,2789
214,83,7932
130,92,13117
47,177,9291
240,97,15178
181,132,4
157,136,47029
121,94,847
175,71,652
12,83,8752
110,158,6887
82,166,10298
119,152,24959
211,125,23
115,159,1790
237,157,4041
20,91,118
175,68,17269
11,153,12918
113,141,7
57,174,24524
150,100,1358
178,133,1149
206,75,7834
59,135,18
125,151,4138
163,90,1915
86,106,235
237,167,13988
112,161,2104
116,104,18578
158,138,32
88,168,18448
89,168,6099
19,103,18323
121,93,1079
112,162,1711
129,94,4596
238,164,12204
47,183,602
122,94,10339
91,103,1103
229,141,233
138,95,2138
235,162,72882
119,94,47820
128,95,26871
65,170,18057
169,83,22
132,93,23602
90,103,4538
7,88,9403
66,170,14079
178,134,1720
182,88,76
236,168,2493
93,104,547
242,162,3725
87,168,32
16,82,2804
13,155,5010
57,129,23325
226,144,57
34,171,1358
198,72,15027
20,90,18899
199,73,404
180,67,22692
180,133,18500
142,144,424
179,65,652
62,167,7606
205,125,2392
136,142,9948
243,161,3729
7,90,18008
6,88,77
63,157,73
243,162,7581
236,169,17527
90,102,16801
205,127,1099
104,156,12631
81,108,44026
21,90,3660
78,142,1
163,109,2
79,161,25286
123,152,53293
162,131,12981
177,132,5099
56,176,10215
233,161,2193
234,90,1232
180,78,27059
119,95,14131
197,72,13382
118,99,524
182,132,8474
50,183,14378
31,171,10465
85,105,178
205,70,42901
54,185,13337
109,156,5
52,184,509
88,169,17611
241,97,405
82,167,48086
131,92,15803
20,87,11309
7,87,1454
198,71,12881
227,98,142
80,108,6595
79,165,81
173,76,15024
116,156,474
141,94,28906
77,159,47505
237,92,105
58,173,1708
162,91,10650
119,153,116
141,137,1
83,166,71
198,73,3806
84,106,19617
199,71,2122
53,143,1
163,89,335
89,169,4176
83,106,33626
237,164,22
132,92,16743
93,103,4650
180,65,4967
15,156,95
158,137,4623
31,162,8606
185,119,105
11,84,3302
6,92,509
13,82,190
67,170,28943
236,170,11571
204,69,4439
63,156,49
91,102,1218
116,160,8365
83,105,12809
86,105,36743
88,105,3480
140,93,6573
178,135,12837
235,161,20352
235,165,10630
11,154,1079
143,144,13388
206,71,3016
91,164,16189
15,81,481
236,171,4025
236,157,33011
118,94,295
34,154,11
92,124,106
52,185,13258
152,110,4
89,103,3032
237,94,307
6,107,182
121,92,8659
235,171,3961
125,152,57
197,71,6833
88,103,19716
21,105,1532
235,168,788
15,124,6282
174,69,5459
88,170,4692
34,132,2
235,172,42143
147,124,20
88,158,3637
117,155,21698
52,186,29405
244,161,6905
120,93,5245
228,95,6103
84,112,8301
206,72,31382
46,183,2524
126,95,7143
223,129,232
81,164,1806
130,91,9011
55,180,2974
176,66,1362
175,67,4979
206,70,27607
126,94,21699
55,178,10
31,172,17476
90,169,3457
158,133,18
16,81,34176
238,92,12181
183,132,95
123,94,3962
9,86,17957
19,86,21359
88,152,10802
234,164,2910
10,84,9619
173,69,1651
238,158,31657
37,125,662
229,119,9
199,70,14557
238,91,2982
70,129,86
174,70,2771
228,145,6069
124,94,2390
54,186,3006
214,85,293
51,185,5232
66,167,4905
14,156,701
54,187,819
174,75,114
59,171,8747
215,83,26392
112,163,2755
243,163,1873
68,128,844
237,91,372
91,169,77993
105,109,5
181,78,16
126,93,21600
121,91,6296
30,162,452
162,132,4114
117,156,6347
26,139,4
21,91,100
143,143,38360
133,95,10890
39,124,43915
236,172,19117
53,187,9362
181,67,1399
57,128,16013
246,114,7
122,148,123
72,129,7741
90,161,4629
175,66,22891
235,160,5739
130,145,4892
207,71,36398
128,94,17553
87,104,338
82,106,23203
140,92,27328
12,155,80
128,142,28
106,157,3158
59,129,3048
214,79,7739
178,66,1477
214,78,6327
89,170,31274
226,126,15
201,74,3
16,80,6348
59,173,2023
20,88,58703
235,166,27765
79,108,11958
51,186,26284
121,90,6336
93,162,78
180,71,315
54,184,33231
55,187,1228
114,161,11542
234,160,240
118,95,24571
180,66,47705
182,67,214
122,90,20109
38,149,6
144,141,330
56,177,13332
126,151,404
17,81,25213
215,85,32437
67,129,28736
203,69,14264
17,80,9500
170,85,5555
102,104,399
154,142,4357
104,106,3595
207,70,10164
64,165,9003
32,172,4030
16,79,4006
190,116,454
156,142,14643
89,102,69
172,69,23787
89,101,16071
97,106,2413
90,160,735
207,121,3
92,169,17705
56,175,5540
118,156,4
213,87,5689
46,184,318
87,103,1043
131,91,8513
210,125,1298
179,64,408
242,115,1
21,89,7352
133,92,767
82,119,2506
237,90,35812
157,142,3895
55,186,33140
192,115,55
83,112,5912
16,78,3243
91,165,3634
59,174,242
131,90,46
17,78,1041
101,158,6148
88,171,18640
30,169,14516
29,149,4925
130,146,3727
228,146,7191
156,143,8
136,143,1532
182,68,197
49,133,318
234,172,3518
35,171,8531
210,126,7084
221,130,4972
57,175,12182
169,82,6782
194,112,343
182,130,4493
158,136,9813
32,173,6932
68,170,1842
39,167,7198
109,158,562
92,170,7946
52,187,96
199,69,16387
117,160,5941
205,128,7413
113,163,3756
118,160,4107
7,86,28437
54,188,37473
10,154,2748
157,143,782
19,129,25
233,160,38000
37,168,6764
221,117,67
90,101,157
231,100,82
245,155,81
211,76,11341
17,77,18675
55,184,35
178,64,323
234,173,33837
55,183,8720
98,155,17052
173,68,3395
171,69,22762
240,98,9946
98,149,7
21,106,1250
142,140,71
186,118,117
181,133,161
78,108,18
139,108,11
237,166,56
108,113,1
52,161,4
10,83,97
155,143,64411
171,70,687
127,151,17903
227,97,4324
174,126,505
60,129,4
194,92,5
122,89,10720
22,105,382
129,93,40
222,107,102
83,104,8000
141,92,4204
10,155,754
196,72,2908
198,69,6717
182,66,12478
17,82,50765
125,150,2
17,94,9416
16,157,139
234,174,6640
227,146,13283
214,77,8404
175,65,16006
26,133,3841
67,171,3414
30,168,8115
220,130,23
51,187,23439
55,188,19701
91,101,5017
42,126,23935
105,158,345
99,146,22
16,77,6729
200,71,2034
181,134,632
120,91,2505
22,90,3259
113,148,44
119,160,3707
161,91,24900
127,152,3040
230,127,13
53,188,1474
18,82,31481
8,86,44404
182,134,2632
177,135,674
30,164,934
158,143,1223
65,171,7299
68,147,1
180,64,7132
205,69,1931
65,166,64
183,67,1398
51,166,2095
146,110,15
234,166,55928
6,90,6014
113,164,13203
159,143,5420
163,132,16921
217,105,139
215,79,39
184,117,37923
170,69,3917
101,105,6322
81,167,23973
214,88,207
228,94,9850
160,143,17998
208,70,2337
232,161,2096
240,161,14409
243,164,50
79,164,6
235,152,14161
88,102,2739
81,135,1
239,91,8338
92,171,16033
15,78,6263
159,142,16390
119,156,1276
8,85,13835
114,134,9
24,140,39
201,119,1
10,82,36333
236,90,195
52,188,6214
240,91,6174
19,82,34185
119,161,7035
122,88,2668
15,77,6488
76,132,3268
221,131,6447
45,184,401
55,185,6504
120,92,23386
82,110,1293
178,63,15513
119,92,8770
25,125,1078
69,170,374
54,189,401
15,157,15271
178,62,3956
82,168,23
14,78,1513
56,183,2001
208,75,25218
234,118,9
21,88,28769
197,73,46887
54,190,1886
56,186,6414
45,183,5300
129,91,1539
181,66,2684
48,131,759
55,190,8410
50,185,20787
15,76,73900
170,70,1888
123,88,2404
102,103,395
69,128,61
164,89,1184
175,131,3281
123,87,4997
226,146,86
234,89,18999
34,172,119
26,124,9
215,77,5824
55,191,2539
29,169,2284
90,100,120
102,159,2909
30,170,13299
17,76,3
170,68,4353
225,101,109
228,140,1599
44,183,8151
48,182,1872
14,124,2
234,165,11
14,76,7129
169,69,13355
171,68,12001
111,161,5909
161,90,2111
56,191,35839
178,86,401
195,72,490
177,63,398
40,157,3
180,63,19073
181,63,157
13,156,32
124,87,5268
143,126,16
172,68,32225
176,135,1954
121,88,614
101,103,17
180,72,2046
237,169,14241
209,70,2300
194,72,1467
210,70,1390
180,62,4929
198,68,4174
56,187,9160
127,98,4
183,66,18222
210,69,11443
6,87,4477
5,92,2
234,152,652
179,135,4237
233,174,16871
141,144,11033
52,189,187
211,69,46
112,164,4233
158,134,9468
235,173,9596
112,140,30
113,165,2840
200,118,2179
232,162,23984
67,172,4793
123,89,805
14,145,177
181,77,223
233,139,9328
129,92,11470
241,91,39890
203,68,17600
239,164,5180
157,144,12908
28,145,2
40,125,316
55,192,19243
172,80,10995
170,67,4254
233,173,13857
56,188,17889
139,92,2473
169,67,726
43,183,7781
140,101,72
88,101,2244
118,92,1205
41,162,11030
45,185,4772
192,117,2
182,108,23
21,87,14682
102,160,16989
89,171,84032
58,162,1
56,192,10573
81,109,36872
232,174,25414
237,171,11588
168,69,7803
9,82,36
175,64,43867
181,62,6510
173,77,67733
211,68,16278
123,93,4
101,159,28381
169,94,19942
140,91,18355
23,90,26547
197,68,243
173,67,4764
17,156,976
19,85,319
55,193,524
17,75,4454
54,192,442
120,160,14508
172,67,12196
241,152,2
233,175,22134
231,129,157
89,100,7302
206,128,14
11,83,52082
19,81,3452
18,76,17872
131,146,1227
228,93,19
174,64,168
232,175,46134
122,87,16144
93,169,895
140,100,16
153,142,26616
58,128,1735
196,68,363
137,124,8
169,66,91
19,76,2090
60,174,18379
206,69,6204
182,63,9486
22,89,5074
203,124,2611
235,153,1070
96,140,28
122,124,1
19,75,12342
64,136,5
172,81,10391
230,93,8065
234,153,1517
106,119,9
20,82,2785
189,114,1
182,91,4
87,101,1223
57,186,21725
208,69,918
229,146,24
157,145,81
18,77,229
16,76,10556
182,62,14329
119,159,3336
170,66,73
238,165,12992
175,135,8293
201,76,26
61,174,2370
243,165,558
10,81,19041
230,92,6761
77,132,126
175,136,12826
218,107,1
181,87,80
212,68,66
92,109,13
56,193,737
79,118,986
84,121,13770
169,65,70211
120,161,4744
130,147,1993
124,152,8435
176,122,12
207,128,37
215,105,22
22,110,850
244,165,15
87,100,1963
29,170,3486
236,156,13526
16,75,8941
10,80,19462
61,129,3484
86,101,1254
69,171,15451
31,173,5142
31,174,2716
133,91,432
139,132,2
49,181,5
23,89,2985
231,175,11261
113,166,65
204,127,240
183,62,2441
17,112,4
120,159,40
108,159,16913
82,105,7733
125,87,562
179,62,6593
125,86,17009
173,78,16574
112,109,1697
62,174,4198
212,69,414
141,91,25280
211,75,18
76,159,31
121,87,8024
193,72,15059
174,63,20204
90,170,5074
234,175,725
212,67,436
55,194,3118
14,75,11770
195,93,114
102,102,1225
110,161,10937
30,174,30044
230,175,6319
167,69,1070
149,122,23
24,89,9899
137,141,14916
120,87,751
181,135,1384
84,104,1228
122,86,10804
44,185,33806
19,77,244
101,160,12025
109,159,515
6,97,385
118,106,1065
232,163,4791
213,67,1818
20,76,5279
24,90,20296
123,86,21585
233,166,38025
9,155,318
119,87,633
117,100,25452
2,132,72
43,184,140
18,78,14871
64,169,4
213,69,19862
144,144,14267
42,184,7835
53,189,7768
8,103,1962
179,61,2141
202,69,1
86,102,402
70,170,880
213,66,924
214,69,374
166,69,1667
193,117,39
29,164,16268
229,140,161
244,162,326
12,156,6537
103,102,11822
91,100,1662
13,76,3429
177,62,295
17,157,155
125,85,1020
33,173,574
193,73,125
202,68,11435
166,68,7688
245,144,5
56,190,8537
138,92,9381
235,174,10641
201,68,142
43,185,8718
123,85,2
13,75,5801
29,163,14577
20,75,15426
220,128,16224
83,168,31146
17,92,14
153,143,9132
18,96,6950
180,69,17011
216,86,33
213,125,36888
56,194,36581
32,174,463
212,75,3778
168,121,30
56,195,4469
164,119,2
115,135,4
14,157,4588
214,80,2469
145,141,69
79,117,4441
232,173,662
56,196,3689
58,127,7369
57,195,3732
89,99,34
33,174,7222
132,144,2451
220,131,715
197,67,813
83,169,3966
3,112,15
12,157,746
21,82,146
91,99,6789
233,176,32623
81,163,3
233,177,2606
17,74,6112
233,151,128
126,86,378
11,157,10808
222,124,14
178,61,16700
103,103,18137
172,66,11843
113,162,191
169,68,1062
127,86,12267
244,164,51
89,172,19773
133,90,503
231,91,69
120,162,247
58,195,7376
43,186,3214
35,172,900
246,145,29
41,184,1628
173,73,17107
231,163,15319
80,107,1114
236,133,10
88,156,467
124,85,37505
85,101,10584
88,100,6534
90,168,13408
196,67,6
176,129,2683
119,88,4487
183,61,3226
6,141,349
145,140,71
136,111,1
78,109,1227
78,117,972
203,127,1728
118,93,3902
57,185,375
31,175,2215
174,62,2842
177,61,20126
165,93,34151
9,83,3995
21,76,7
85,100,19968
114,165,4341
176,61,6370
213,65,60
234,146,6
237,89,22723
220,132,1548
197,66,22902
236,174,9228
164,99,1
241,90,4906
41,126,2
213,64,13230
116,161,7090
10,157,7383
222,118,6
114,164,1217
163,121,612
133,89,1523
79,166,1341
8,142,2245
94,162,472
165,89,66
227,141,1771
236,89,4669
30,173,29
170,103,6
91,98,62
54,193,10835
227,94,2269
104,105,10433
210,122,16
38,123,19
183,63,119
121,86,11112
32,175,398
214,64,14907
41,183,2258
202,124,2309
179,60,15437
230,176,21363
132,89,2660
53,190,91
132,94,2365
175,137,19963
18,74,6088
225,129,3519
89,98,19014
231,176,1710
90,171,3168
17,150,2
167,68,5841
177,60,1352
37,123,2
157,135,3
230,177,9486
57,196,11286
177,59,5870
30,175,801
13,135,3
178,136,9331
212,64,1913
173,64,3183
116,162,2197
114,121,2
31,176,1086
168,84,33
18,73,192
236,173,8483
58,194,26887
230,178,29068
183,68,5146
126,85,12517
57,187,7702
16,116,293
42,125,808
25,89,3650
19,73,23966
124,84,24223
84,169,8
114,162,4056
203,67,16523
161,143,3
23,110,2154
19,83,15677
155,144,50
211,64,2219
173,66,31
89,161,2
25,90,30995
184,127,2055
160,90,41135
120,86,1011
51,156,28
136,144,380
232,104,116
245,165,19989
199,103,6
231,178,177
161,144,1461
229,178,17653
174,131,136
61,156,1
228,178,459
112,166,798
31,177,9694
84,101,14124
12,76,5822
22,82,4581
233,165,20279
163,96,1527
93,170,2426
103,101,9446
116,124,3
12,75,12968
229,92,13456
90,98,13786
205,129,7206
168,70,5802
208,71,3
57,177,5591
118,87,19984
57,197,6089
162,144,8550
229,179,3383
82,169,12976
69,127,7596
57,198,120
205,130,17832
46,185,612
115,102,139
125,84,26166
163,144,10953
54,194,5879
177,58,368
30,172,116
126,152,232
238,171,801
18,97,4501
56,129,2665
233,149,8
156,140,1
16,158,6335
227,147,10406
165,68,790
66,168,2
166,67,30811
232,164,39677
18,72,42020
86,100,1979
240,105,273
110,162,814
143,127,15
43,125,332
244,166,1618
39,123,104
94,103,39069
213,70,231
22,91,50
35,173,4217
21,86,13
233,178,27978
124,153,18
53,131,3370
58,198,19685
18,79,653
59,127,532
174,61,162
214,63,16278
230,163,12382
78,110,8820
88,172,137
183,103,1
59,195,1065
161,145,2203
61,130,13
124,154,482
159,105,49
37,126,7
176,58,203
58,193,10245
240,160,1
57,199,2958
246,165,925
50,186,89965
173,65,349
195,67,27229
214,68,15
175,58,50172
173,61,5050
229,180,46049
9,80,13426
175,138,538
235,169,1475
25,122,265
18,110,8
162,145,1389
232,178,16554
36,123,826
120,88,4439
130,148,3719
221,132,13942
145,144,102
83,115,8346
91,97,10237
215,63,9501
184,132,50
16,159,3936
143,145,5
21,107,19721
159,137,10
231,162,1693
115,164,241
29,175,320
231,90,5
197,84,32
161,146,2156
86,141,3
242,91,2522
56,198,978
47,131,29544
232,117,4
126,117,15
234,171,24524
90,165,1
201,124,4485
56,158,3
212,125,14968
19,96,80
144,145,64
231,179,2366
234,178,121
203,126,3122
19,97,3031
209,71,2
141,101,33241
230,180,12074
55,171,1
225,144,67
229,147,406
174,135,46
186,107,1
44,186,7450
90,172,4809
68,127,16557
101,161,37660
136,145,1410
201,123,19
30,177,5437
93,112,17
197,65,14840
88,173,692
60,195,4064
142,145,373
16,74,150
233,172,3283
232,160,20599
111,164,3932
58,192,122
133,88,2169
195,101,22
58,197,1384
92,165,9693
26,90,2110
164,68,699
167,70,6507
234,138,39
31,168,78
242,147,1
56,199,13495
124,108,10
198,67,24087
182,135,3048
193,96,27
72,128,22
93,171,5817
42,124,19377
164,69,2567
92,102,23099
241,98,37
146,144,28418
99,155,125
93,172,8908
109,108,615
109,162,8918
213,123,105
59,196,24478
142,146,443
136,102,1
132,112,69
102,110,23
194,67,5898
27,90,1829
234,137,66
112,165,8729
55,199,8024
21,85,879
23,82,21518
243,160,17348
77,108,1271
160,144,17
67,173,724
25,121,2685
37,144,1
214,66,30736
18,117,46
170,86,244
183,60,7928
172,65,103
175,139,38200
182,64,5492
204,130,776
231,180,7210
53,191,1430
22,88,5917
66,173,3283
62,136,8
212,63,20797
109,163,426
229,148,18006
175,140,2578
54,195,1655
19,72,26244
53,195,4670
173,62,6175
180,93,3
211,63,19009
213,63,7116
169,64,2666
118,91,8
202,67,6760
217,86,10747
164,144,877
215,66,63
163,68,7686
229,127,175
74,131,4161
168,65,3
193,105,14
141,90,1813
229,181,601
58,187,2772
94,112,42
28,129,178
27,91,9365
230,181,6320
142,147,4227
145,108,8
23,83,4494
18,71,20367
55,198,137
108,163,1776
228,181,5413
56,200,1460
62,175,842
112,167,34721
142,92,2405
53,192,2
228,182,18400
135,144,6421
232,129,56
195,66,12169
227,182,291
68,173,3706
195,65,3068
177,57,6625
21,75,965
55,200,9008
214,70,13563
85,99,12001
158,145,2662
63,155,65
159,145,11603
100,158,32
126,84,77
11,75,1283
91,123,6
225,117,1
125,93,2
231,181,15210
159,144,1
18,70,3481
93,163,429
158,142,4
215,69,10438
20,72,27772
49,151,5
22,150,11
22,76,26396
162,68,15709
16,73,1936
109,128,3
164,67,7086
237,132,3
147,144,8509
232,172,45
203,128,5142
161,68,66
78,111,1962
101,162,11995
122,85,5067
29,162,47
82,170,492
115,165,1550
84,99,1912
64,158,12
24,82,1198
58,126,6786
46,147,2
81,106,8105
100,103,4684
127,84,97
149,109,1
224,144,12548
121,162,16542
54,198,3535
26,91,136
39,159,1
166,66,12467
214,65,1892
226,182,35281
212,65,7
239,106,2
152,137,3491
32,177,67
231,172,8207
227,93,1482
56,201,13358
23,76,5358
174,140,8518
163,145,4793
210,63,7
225,130,54
199,68,643
95,124,3
20,109,1032
82,104,13698
113,112,3
239,171,1
235,178,574
107,163,5007
234,177,1702
162,67,28051
134,144,12
172,78,3661
119,162,21429
126,83,5
55,201,2084
9,157,255
58,175,5
220,127,6509
162,69,126
18,69,39152
5,97,223
119,86,2544
117,91,13077
229,177,4036
183,135,7882
176,140,5023
203,130,1393
117,94,9647
247,148,27
178,60,31
183,59,4236
206,130,11236
174,141,5592
225,131,20551
12,74,2721
174,142,2534
232,165,19001
197,110,1
242,97,106
81,170,9162
58,185,10324
81,169,5492
154,101,160
237,174,2768
122,96,14
20,71,3872
119,163,13153
126,118,7
162,66,7542
228,180,3445
54,201,10870
184,60,19029
163,143,953
146,143,16268
183,133,1290
127,153,21188
174,143,404
161,66,5877
12,73,30657
215,62,7789
183,58,8376
21,74,26436
232,180,8430
61,134,10
214,62,7766
227,181,8862
232,91,331
178,57,8060
120,85,2789
130,149,21
54,199,22175
230,164,4083
159,146,114
229,176,1725
15,75,10568
44,156,44
225,182,952
229,182,6078
182,59,2126
30,176,59
121,161,15432
17,158,227
29,165,2727
88,174,618
58,191,773
216,69,1053
91,166,176
72,127,1050
235,170,6830
232,181,13059
114,166,311
164,145,9322
22,74,35023
20,77,17767
62,176,3884
59,198,19536
141,89,15323
160,146,16239
102,107,2
163,97,5
226,147,1
213,62,22990
175,143,637
216,66,40533
174,58,4810
117,99,242
160,89,2091
8,84,1
94,169,1738
210,74,6
38,167,2
167,84,915
183,57,105
228,147,7533
232,100,3
36,173,12058
6,140,1934
57,200,1460
86,168,27
112,168,561
133,87,9409
224,145,9762
206,129,499
86,146,9
167,71,56
229,183,8319
203,129,71
79,116,156
19,71,204
227,148,1680
80,106,4919
44,136,13
53,201,299
21,71,5962
29,168,1575
135,145,1271
141,147,17743
57,176,1
20,81,22876
228,183,3751
90,173,602
230,162,2445
162,65,4633
229,149,551
23,111,87
236,178,5630
201,121,228
28,168,8
15,159,33724
8,102,19
79,167,2
29,174,1
26,122,1906
172,76,24
167,72,28094
222,106,31
140,90,11437
166,65,6625
111,168,50
13,74,19306
237,178,1627
59,197,16415
82,171,1351
162,146,1383
184,59,1760
164,91,37
160,91,6
182,57,3858
102,161,17
28,91,3490
227,183,1898
18,68,8258
58,200,13835
10,88,1
229,162,1014
231,182,5611
59,200,9676
82,103,8471
10,158,162
171,76,179
218,86,13
161,69,1781
183,56,4030
55,129,3534
234,179,13268
29,91,2019
173,143,4901
162,70,14319
202,127,4551
155,119,1
24,76,25277
161,65,5019
178,56,286
16,160,2897
173,58,403
63,174,4635
111,166,3765
215,120,19
111,167,22752
136,131,1
9,81,363
219,86,5731
21,70,741
21,72,1621
21,73,3713
219,130,4399
57,126,2759
216,67,2611
54,134,3
94,170,139
175,144,9670
60,133,13
136,146,29295
162,64,21760
172,58,13837
47,130,18
172,61,3837
54,200,7579
94,172,16662
53,194,2550
229,161,12462
85,98,1515
103,100,16921
52,194,13975
10,75,775
215,64,61440
9,75,710
210,64,8113
25,76,5182
153,121,3
93,168,599
186,119,40
14,77,6
12,72,36960
81,105,2649
104,103,4678
9,158,1624
16,110,6
216,62,5707
177,121,6
23,88,6235
8,158,12593
146,145,7401
60,200,3525
148,115,2
92,99,11251
175,57,320
167,73,5197
95,172,6962
121,160,9336
18,67,13085
184,57,866
16,108,1
11,72,1222
198,104,2
232,159,2
17,71,12820
57,184,355
174,71,2730
87,172,2417
18,66,16812
231,173,16724
174,144,10849
18,65,16501
160,66,7815
242,92,221
31,178,194
61,200,11036
183,55,19369
22,107,11351
130,150,213
163,142,720
84,98,91
24,75,4678
80,170,13264
235,179,19014
116,165,7035
14,101,3
228,184,4838
173,79,3763
215,116,13
237,179,4645
114,102,7
89,173,2104
59,126,19360
183,54,8935
96,142,4
185,132,8585
89,174,17033
228,185,22974
29,177,78620
101,163,44513
228,186,19213
60,201,1295
217,66,13843
80,105,4557
217,65,5914
233,180,13450
41,182,3178
217,69,34
200,68,3985
6,86,24375
171,58,4557
30,178,18337
184,58,12013
55,166,1
29,92,4465
22,71,18081
23,81,28104
240,171,11871
115,104,14
178,55,8182
200,76,57
63,139,3
20,97,1750
134,89,9642
57,183,116
216,68,307
202,122,2138
160,65,21745
154,144,12
81,104,14426
160,88,36129
127,154,8856
19,65,17614
227,186,2637
143,147,1457
182,55,2780
218,66,3633
162,147,12656
152,114,3
154,126,35
61,195,11261
184,54,3013
17,66,3401
128,154,636
23,71,1945
54,202,703
220,86,38104
161,64,4154
131,149,509
59,185,4447
201,127,114
17,65,632
16,135,1
227,184,19897
6,139,122
230,90,6543
232,90,5164
27,89,4842
228,187,19953
78,116,45
171,59,13873
50,187,10220
151,132,15
234,180,11588
178,54,249
178,53,25519
91,125,30
117,87,4347
207,130,178
44,187,1399
210,62,3265
111,169,12096
51,189,3444
153,139,75
91,96,1626
78,115,6671
59,201,13674
111,170,3196
185,54,3441
135,146,232
16,65,7830
176,144,19167
117,98,6085
161,70,12490
117,165,1551
149,117,3
14,159,5607
29,178,4382
226,93,81
184,56,6006
171,61,7059
43,124,41
182,136,7361
225,183,11903
125,83,2
41,185,6470
4,92,31
19,67,16887
211,126,109
176,145,39588
225,181,16179
238,178,8177
21,97,9722
132,87,2694
140,89,10
12,158,1935
9,159,323
185,60,17102
109,164,453
214,61,58
161,67,2453
172,77,11
238,179,17146
160,147,15028
19,70,2
160,148,5898
185,57,5458
7,158,6281
159,89,4
128,84,11551
88,160,2
243,92,1591
241,105,1
84,97,3874
227,187,2314
61,194,14424
91,95,5020
57,201,25
28,163,7966
83,97,893
67,130,2
197,64,1844
194,73,13
77,111,21567
96,172,61
59,202,36530
152,138,9201
160,64,19517
29,172,3100
160,87,1033
154,100,11814
24,74,2029
49,132,6
163,66,2
184,55,6829
224,183,14031
22,87,9836
93,164,8360
118,86,9520
227,188,8545
172,95,19
208,97,5
184,53,1714
62,194,37724
131,150,7936
148,144,1598
19,66,8631
93,167,21046
216,63,5644
160,68,1232
159,68,42605
159,65,20254
83,98,6054
44,188,904
183,136,3587
82,98,14784
129,84,1458
216,70,164
186,57,6479
63,194,1364
228,162,7749
225,184,11607
241,89,17952
138,134,14
177,55,408
119,85,1055
214,102,6
218,69,44515
162,97,306
182,69,17
26,76,27919
111,171,3287
95,141,16
197,63,1381
116,91,2
212,62,25757
103,99,5036
59,125,1253
175,145,4376
225,93,33
111,172,5047
61,199,11
193,118,45
181,55,564
113,168,7264
176,55,4124
246,113,50
118,88,8887
25,74,1425
183,53,1968
104,100,247
235,180,9827
159,88,11955
112,169,1576
35,174,536
172,60,4454
240,145,1
229,187,23983
156,145,10584
23,77,3086
112,172,33568
92,97,9967
214,60,15314
91,172,194
131,151,10
178,52,5766
234,169,4773
151,107,3
91,94,28764
229,164,172
102,99,1624
63,193,3390
234,149,23
109,124,10
112,173,511
120,119,2
20,66,30926
234,181,9483
149,144,3189
26,75,4206
185,55,2355
171,91,18
5,86,19
231,183,13235
20,103,2
26,89,16615
116,87,7883
217,63,345
63,140,2
